id,title,themes_before,themes_after
cmijjpujr00dfoxs3olsbdl5p,"Infatuated Pose Pack","halloween|valentines","valentines"
cmim8vc9e00hwoxy82d9cf3gn,"Cannibalism","halloween|fall","fall"
cmik9jyvm005ioxk7yjvgbscp,"Vampire’s Study CAS Background Room","halloween|goth|luxury|witchy|office","goth|luxury|witchy|office"
cmijnp5hy00h8oxc8lst6k8mw,"Gothic Makeup Set","halloween|goth","goth"
cmijnnknd00gjoxc8bg1nsl9x,"Costumes Night","halloween|goth|vintage|fantasy|witchy","goth|vintage|fantasy|witchy"
cmil33zxu009xoxpztgafhced,"Vince T-shirt","halloween|goth|streetwear","goth|streetwear"
cmikil3jn002uoxnafjoezew1,"Modern Witch Mod","halloween|modern|fantasy|witchy","modern|fantasy|witchy"
cmijnvxjm00kjoxc8nswcpqce,"The Late Night Snack Of The Selestial Witch","halloween|vintage|luxury|fantasy|witchy","vintage|luxury|fantasy|witchy"
cmijj2fzr002toxs3fipg28of,"Hallow Glow GShade Preset","halloween|goth|vintage|witchy","goth|vintage|witchy"
cmijmtqf1006yoxc8hs1x5kf4,"Traditional Witchcraft","halloween|witchy","witchy"
cmijnq3xh00hnoxc8mwwmijgm,"Pumpkin Farm Sims 4","halloween|fall|cottagecore|cozy","fall|cottagecore|cozy"
cmim8vcb900hxoxy8se7anvxj,"Autonomous Vampire Turning","halloween",""
cmil3i2mz00eooxpzo851861k,"Summer Denim Shorts Jamie","halloween|summer|living-room","summer|living-room"
cmijnoqgw00gyoxc8bri9dwwe,"Snake Eyes","halloween|fantasy|witchy","fantasy|witchy"
cmsmd7zod015noxeuzzenykcj,"OUTBREAK – A Realistic Zombie Survival Mod","","halloween"
cmijnmtvs00g4oxc8r7inv2d5,"Barbie’s Closet Collection","halloween",""
cmijnpaik00hboxc8t057hwx6,"H.U.E – Ghoul Vampire Eyes","halloween|goth","goth"
cmikil6e2002woxnaj6i7im09,"The Sims 4: Fairies vs. Witches Mod","halloween|fantasy|witchy","fantasy|witchy"
cmim8vbvv00hqoxy8kthztwog,"Black Magic Mod","halloween|fantasy|witchy","fantasy|witchy"
cmijnnm5t00gkoxc8qu98eooy,"The Spite Collection","halloween|goth|vintage|luxury|witchy","goth|vintage|luxury|witchy"
cmijmylll009aoxc8olt88vdf,"Scarlet Witch","halloween|witchy","witchy"
cmil1n06000gpoxee82tbhzmt,"Belt Bundle","halloween",""
cmim8z3a1016coxy8mbc6dbip,"Nike Air Force 1s","halloween",""
cmim8u2ut00amoxy87kv4g20u,"Autumn Sims 4 Loading Screen Set","halloween|fall|cozy","fall|cozy"
cmim8u36200aqoxy8f6uix10m,"Fall Aesthetic Loading Screen","halloween|fall|modern|luxury","fall|modern|luxury"
cmim8usdl00e4oxy8ud8gcu26,"Vampire Eyes","halloween",""
cmijnfz6c00deoxc8k3kxt09u,"Cozy Cottage","halloween|fall|cottagecore|vintage|cozy","fall|cottagecore|vintage|cozy"
cmim8vbqy00hooxy81x9fhcbo,"Possessed Child Mod","halloween",""
cmim8rdi80004oxy87w398z0s,"The Sims 4 cc Pack Autumn Garden","halloween|fall|cottagecore|cozy|fantasy|living-room|outdoor","fall|cottagecore|cozy|fantasy|living-room|outdoor"
cmikda2yg002coxbhpo0hp0rq,"Miku Hatsune","halloween",""
cmijnmsgm00g3oxc8zo2o3i06,"Harley Quinn","halloween",""
cmil2j7ls0000oxpzbww4w04t,"Editorial Makeup Set","halloween",""
cmigliwqz0010oxm503cl2u41,"[MY_KWY] SIMBLREEN GIFT #4","goth","goth|halloween"
cmsmd7xdu015loxeuvs6v1tgg,"Zombie Apocalypse Mod","","halloween"
cmijo8z9d00pmoxc8wqkn2o2p,"Almond Decor","halloween|fall|cozy","fall|cozy"
cmim92kqq01s8oxy8f1ekj4da,"Cora Eyes N87","halloween|fantasy|witchy","fantasy|witchy"
cmijnmxld00g6oxc81uuu56kf,"Spider-Man Suit and Mask","halloween",""
cmijn7t8l00bwoxc8x6x85o6x,"Life & Death Expansion Pack","halloween|witchy","witchy"
cmika146500f2oxk709ei2vjr,"Sexy Nun Costume","halloween|fantasy","fantasy"
cmijn7i2r00bpoxc85whxppnz,"Ghost Face Loading Screen","halloween",""
cmku927yi006voxkzpo8q13ue,"Pet Halloween CC for Sims 4","","halloween"
cmijmysqr009foxc8js0huqho,"DSF Accessories Enchanting","halloween|fantasy|witchy","fantasy|witchy"
cmijmyg5n0096oxc8vni5hpug,"Witch’s Mark Tattoo Set","halloween|witchy","witchy"
cmim8uxyb00fdoxy8vgygmrrp,"Bella Platform Heels","halloween",""
cmijmuhih007eoxc8ec30kv2p,"Supernatural Game Pack","halloween|witchy","witchy"
cmim92jyz01s0oxy8u24ov07w,"Fantasy Eye Mask","halloween|fantasy|witchy","fantasy|witchy"
cmijjq70400dmoxs3ttm45bso,"Jinkies! Poses","halloween",""
cmim8v1re00ftoxy8eeczgjwe,"KM Vampire Eyes V.02","halloween|fantasy","fantasy"
cmim902uv01cloxy8m443at50,"Scarlet Witch Hairstyle","halloween|fantasy|witchy","fantasy|witchy"
cmijn6zxw00bhoxc8xwhmx53q,"Can I Make You Scream?","halloween",""
cmijjgaf60093oxs3k7xmytao,"Celestial Midi Skirt","halloween|romantic|witchy","romantic|witchy"
cmijmybrq0093oxc88xm32xez,"Witch Tattoo","halloween|witchy","witchy"
cmim8v28j00g1oxy8orqo9ove,"Demonic Eyes","halloween|witchy","witchy"
cmim8vqem00kaoxy8fe243tu6,"Duality Bed","halloween",""
cmijnmlm100fyoxc85n0a2jas,"Catwoman","halloween",""
cmijmuq1h007koxc859do21qt,"Sims 4 Witch Home","halloween|cozy|fantasy|witchy","cozy|fantasy|witchy"
cmijnmr0q00g2oxc85l09udw3,"Circus Set","halloween|vintage","vintage"
cmim8v22f00fyoxy8o11q7nmf,"Fantasy Eyes N5","halloween|winter|fantasy","winter|fantasy"
cmikkijo800b0ox333vmqnodw,"Android Costume Set","halloween",""
cmijmyvah009hoxc8tcmr0fd1,"Primrose Hair","halloween|witchy","witchy"
cmijns7fp00ijoxc8xpgenocm,"Fleur hallway Pt.II","halloween|fall|cottagecore","fall|cottagecore"
cmijnd7kt00cqoxc88cgti8x7,"Young Witch’s House","halloween|cottagecore|vintage|cozy|witchy","cottagecore|vintage|cozy|witchy"
cmim8vc7a00hvoxy8oxlgk934,"Monster Factory","halloween|fall|witchy","fall|witchy"
cmikilhd90035oxnax9f10w59,"Sims 4 Witch Career","halloween|witchy","witchy"
cmim8v36600ggoxy8oxmplzgk,"Transfer Eyes V2","halloween|fantasy","fantasy"
cmil2n26k0023oxpznl2wkjsw,"AF Nails N016","halloween|witchy","witchy"
cmim8u3c500atoxy8uc588jwz,"Autumn Loading Screens","halloween|fall|cozy","fall|cozy"
cmsmd79fl0155oxeung659d91,"Zombie Stitches","","halloween"
cmika5rk800hvoxk7znvq30ul,"Random Tattoos N3","halloween|minimalist","minimalist"
cmijmyu32009goxc8iafdcf14,"Witching Hour","halloween|witchy","witchy"
cmijnp2kt00h6oxc8byzc86yq,"Off-Line – Ivy’s Spell Collection","halloween|fantasy|witchy","fantasy|witchy"
cmijndpkd00cwoxc8h3i1589h,"Vamire Lair: Haunted House","winter","winter|halloween"
cmijmtvvo0071oxc8hqix37hp,"Apocalypse Dirty Skin","halloween|witchy","witchy"
cmijnccqx00cfoxc8ezx2rpi7,"Disney’s Haunted Mansion","fall|cozy","fall|cozy|halloween"
cmijnmo6s00g0oxc88wo89lj5,"Ghost Outfit","halloween|vintage|minimalist","vintage|minimalist"
cmijp76du00x2oxc8fc895i4l,"Autumn Famhouse Gallery","halloween|summer|fall|cottagecore|modern|luxury","summer|fall|cottagecore|modern|luxury"
cmim8uhov00d5oxy8hvqy0zbs,"Pumpkin Patch Lot Trait","halloween|fall|cozy","fall|cozy"
cmijmz111009loxc8y5hk0n64,"Divinify Set","halloween|witchy","witchy"
cmim8v1tr00fuoxy84tpel5eb,"Vampire Eyes","halloween|fantasy","fantasy"
cmim8us4l00e0oxy8bpmlff8o,"Spider Makeup and Accessories","halloween",""
cmim92fnc01rgoxy8mzah8dbi,"Vampire Study CAS Background Room","halloween|goth|office","goth|office"
cmijnnbfp00geoxc8a5k4a35d,"Pure Evil Set","halloween|fantasy","fantasy"
cmim9lt3w00baoxy7rbrsp4as,"Sims 4 Dark Academia Study CC","halloween|vintage|fantasy|witchy|office","vintage|fantasy|witchy|office"
cmijp80od00xhoxc832t03ufo,"Carrie Set","halloween",""
cmijjgo9e009aoxs38mhbpdyo,"The Witch’s Castle","halloween|witchy","witchy"
cmttzi798009goxfez2jwq08q,"Bathory Hair – Halloween Treat 1","bathroom","bathroom|halloween"
cmijmuluv007hoxc8bq1apyjw,"Tattoos Set: Witch’s Mark","halloween|fantasy|witchy","fantasy|witchy"
cmim8uwm500eqoxy8l365pvhx,"Injustice 2 Wonder Woman Set","halloween|witchy","witchy"
cmikiu4dx006foxnazgqkga9f,"Agora Set","halloween|witchy","witchy"
cmijmu9t70078oxc8vgg22fya,"Vampire: The Masquarade- Bloodlines- Pisha’s Blood","halloween|goth|witchy","goth|witchy"
cmim8vbzx00hsoxy89maxn7b7,"Deadly Toddlers","halloween",""
cmijixg7l000soxs3n55hsfv1,"Holiday Desserts","halloween",""
cmim8vzts00lzoxy8dmudd84n,"Nike Airforce 1s","halloween",""
cmikj3yim00ayoxna9aa8qh2j,"Storyline Scar","halloween|witchy","witchy"
cmsmcaa6m00nkoxeu1i2s7lhe,"Halloween 2025 Medieval Dress","","halloween"
cmim90do601ekoxy84pkse6qj,"Honey Boots","halloween|winter","winter"
cmijnckwn00cioxc8ibmijfml,"Death Lurks","halloween|cozy","cozy"
cmim8v1ac00fmoxy8mr6bpf5g,"Clavata Eyes","halloween",""
cmijozh2y00t8oxc8opqqitir,"Ciaccona V1 Hairstyle","halloween|fantasy|witchy","fantasy|witchy"
cmijnoru600gzoxc8348r9xda,"Arm Bandages","halloween|minimalist|fantasy","minimalist|fantasy"
cmkyb0ie500rtoxhc9i4kb4uo,"Spooky Sims 4 CC Makeup","","halloween"
cmik8yt1p000moxk7lmscsdih,"Spiked Corset","halloween",""
cmijp7r2g00xaoxc8hgg8m891,"Dead","halloween",""
cmim8usfv00e5oxy86py2ftv3,"Pennywise Face Mask","halloween",""
cmijp6m7q00wpoxc892seu9i5,"Betty Pumpkin Autumn House","halloween|fall|cozy","fall|cozy"
cmijo9py200pzoxc8xm8e70ck,"Autumn Decor 2024","halloween|fall","fall"
cmikiuu73006ooxnai4dswwuq,"Candelabra","halloween|vintage|witchy","vintage|witchy"
cmijncmwu00cjoxc87hm4z0en,"Little Darkling House","halloween",""
cmim8ustg00eboxy8nfj3sl6e,"Agnes Eyeshadow N64","halloween|minimalist","minimalist"
cmijmxqj0008soxc82epnf3x2,"Nature Witch Hat","halloween|witchy","witchy"
cmijnmz6b00g7oxc880etpnde,"Lara Croft","halloween",""
cmim8u7id00b9oxy8grusczp9,"Pumpkin Spice Set","halloween|fall|cozy","fall|cozy"
cmijp6bn400wioxc8s7945n3q,"Cozy Autumnal House","halloween|fall|cozy","fall|cozy"
cmim8v24g00fzoxy80naw5pzg,"Vampire Goat Eyes","halloween",""
cmijjqa7r00dooxs3d00p3vyk,"HoneySims Look At Me Poses","halloween",""
cmim8vl4o00jaoxy8mw0wi7m0,"Goth Sim Dump","halloween",""
cmijjgpls009boxs3qt5470qr,"Sims 4 Paranormal Bedroom","halloween|cozy|witchy|bedroom","cozy|witchy|bedroom"
cmijmuip0007foxc8p5a4jmjv,"Witching Hour Headpiece","halloween|witchy","witchy"
cmim8uxu000fboxy899dfydcw,"Costume Party Set","halloween",""
cmijjqc3q00dpoxs3egqmdmzh,"Gang Gang Pose Pack","halloween",""
cmim8u7xm00bgoxy8045zj1sg,"Starbucks Coffee Set","halloween|fall","fall"
cmijo9n2j00pyoxc8b1xylsgg,"Autumn Chords Bedroom","halloween|fall|cottagecore|cozy|bedroom","fall|cottagecore|cozy|bedroom"
cmim8ul5500deoxy85bns2r99,"Happy Pumpkins Light","halloween",""
cmsmd7j4r015doxeufri658nd,"Avi Glam – Zombie Eyes","","halloween"
cmijix2xk000joxs382tag5r9,"Sims Loading Screen Sims 4","halloween|cozy","cozy"
cmijmyd0k0094oxc8sjf4e14r,"Jealousy Eyeshadow","halloween|witchy","witchy"
cmim8uwi600eooxy8mndy8ia8,"Dead or Alive Mini Pack","halloween|witchy","witchy"
cmijjj8nc00aioxs34tv0chmm,"Moar Halloweeny Welcome Mats","halloween|fantasy","fantasy"
cmijn7goa00booxc8y2atmfrf,"Forest Loading Screen","halloween",""
cmijpjrzf0132oxc8x0gqcni6,"Arla Oversized T-Shirt","halloween|minimalist","minimalist"
cmu3yzp7q000coxzdi1dw416p,"Halloween Candles – Ghosts, Witches and Snakes","","halloween"
cmijmyo3f009coxc8grf9wa3m,"Pumpkin Witch","halloween|fantasy|witchy","fantasy|witchy"
cmim8ulep00djoxy8nfxa7ubt,"Small Pumpkins","halloween|minimalist","minimalist"
cmijjgsoy009doxs3l668vh80,"Witchy Rugs","halloween|witchy","witchy"
cmijptikg0186oxc8hf0opvza,"Fairy Dust Decor Set","halloween|cozy|fantasy|witchy","cozy|fantasy|witchy"
cmigli6da000goxm5qj7jj6k0,"Flo’s Mercy Dress","halloween",""
cmqpyke8u008moxeeubf9smiv,"Halloween Movie Night Vampire Eyes","living-room","living-room|halloween"
cmqpykefq008poxee623t0kqz,"Haunted Vampire Palace","bathroom|bedroom|living-room","bathroom|bedroom|living-room|halloween"
cmim8xqtl00y4oxy8cqme1rxc,"Captain’s Cap","halloween",""
cmim8v1iy00fqoxy8k7x9t2vx,"Demon in Your Eyes","halloween",""
cmim8w8lu00nioxy8ende4zf6,"Levi Athan","halloween",""
cmqpykenc008soxeemaqdvi01,"Nat’s Spooky Loading Screens- Vampire V2","","halloween"
cmijp36ok00v5oxc8o6fj9i00,"Pumpkin Spice Cowlneck Sweater","halloween|fall|cozy","fall|cozy"
cmijnn20h00g9oxc887x2ab48,"Enchanted Fairy","halloween|fantasy","fantasy"
cmigomsow000boxkzikrlcgww,"Adina","halloween|summer|luxury|fantasy","summer|luxury|fantasy"
cmijn7mla00bsoxc8mvorhuxb,"Religious Gothic Loading Screen","halloween|goth|minimalist|witchy","goth|minimalist|witchy"
cmim8uwt100etoxy86u5q8ol1,"L Evil Horns Accessory","halloween",""
cmikiu36o006eoxnadt5yric7,"Harry Porter Portions Set","halloween|witchy","witchy"
cmijiw92k000aoxs3mchnlafk,"Thanksgiving Meal","halloween",""
cmijnol6d00gvoxc8s3tm8i3z,"Monster Mouth Makeup","halloween",""
cmijmucbr007aoxc8dgm1rx1k,"Anti-Spirit Carpets","halloween|goth|witchy","goth|witchy"
cmijp87n700xloxc8ncv60mzn,"Temptress Shoes","halloween|fall","fall"
cmim8xvrg00yzoxy8ukqirns0,"Arcane Illusions","halloween|fantasy|witchy","fantasy|witchy"
cmim8u81r00bioxy8grk201j1,"Autumn Hanging Leaves and Pumpkin","halloween|fall|fantasy","fall|fantasy"
cmijnn6cx00gcoxc8kqsxpm3i,"Gloomy Coquette Collection","halloween|fantasy","fantasy"
cmijn0xqa00a9oxc8vkd4nc8h,"Merlina Set Dimbu","halloween|luxury","luxury"
cmim8ulcu00dioxy891bpi1w0,"Pumpkin Hat","halloween",""
cmim8v30a00gdoxy8k29jbo1h,"Moon Eyes","halloween|fantasy|witchy","fantasy|witchy"
cmoivlmzd002boxr3zq355x8r,"Frankenstein – Elizabeth Lavenza Harlander in Blue","","halloween"
cmik8yyvs000roxk7leuc326t,"Raven Corset","halloween",""
cmijnnvdw00gloxc8b1k9a6tj,"Klubb – Wednesday Spider Dress","halloween|fantasy","fantasy"
cmijjj6wz00ahoxs3mfl1lb3j,"Mind your steps!","halloween",""
cmii44e4p002roxkzaa8amy4m,"Pumpkin Outfit Set","halloween|fall|cozy","fall|cozy"
cmil1ntq900h6oxeeep5g93jy,"Pumpkin Accessory Belt","halloween",""
cmijnou1o00h0oxc8wyxy7jvm,"Carmilla Crop Top","halloween",""
cmijjq3w700dkoxs3a04sobua,"Monster Pose Package","halloween|fantasy","fantasy"
cmijjq5hz00dloxs35t3ahb8d,"Thea Pose Pack","halloween|witchy","witchy"
cmim8v38d00ghoxy8a3l6kd0w,"Midsommar Eyes","halloween|fantasy","fantasy"
cmim8us2i00dzoxy8cktzbmr0,"Butterfly Makeup and Accessories","halloween",""
cmim92jlm01rvoxy865cd381y,"Eyes Plasma","halloween|fantasy|witchy","fantasy|witchy"
cmim8ucg600c7oxy8i4l5f7ag,"Pick A Pumpkin","halloween|fall|cozy","fall|cozy"
cmim8uxnp00f8oxy8nkdfwoer,"Scarlet Costume","halloween",""
cmijnq73000hpoxc83cr3vr7f,"Mueller’s Orchard Farm","halloween|cozy","cozy"
cmijnncsl00gfoxc8p4cnqnga,"Pumpkin Head","halloween|romantic","romantic"
cmijmxzb7008yoxc8k45b4vgs,"Notis Witch Hat","halloween|witchy","witchy"
cmim933ch01v1oxy8jhip4zb4,"Helene Hat","halloween|vintage","vintage"
cmijp8ht100xroxc8oqjjldon,"Scary Movie Mask","halloween",""
cmim8v1y500fwoxy8cz4h7lv5,"Skull Eyes","halloween",""
cmim8v2nb00g7oxy8owrhcqlw,"Halloween_Eyes","halloween",""
cmijjpcpo00d5oxs3apyjfb38,"Chaotic Creatures","halloween",""
cmim8ulwq00droxy8y9xu4c6c,"Pumpkin Buckets","halloween",""
cmikiu1ri006doxnaytik9lzc,"Oh My Goth Ruth","halloween|goth|luxury|witchy","goth|luxury|witchy"
cmijmxo70008qoxc8o2v5ezjy,"Witch It Set","halloween|witchy","witchy"
cmika85h200jboxk7q8kj8i3x,"Ghostface Poses","halloween",""
cmijns2z500ihoxc8w8t5ru1j,"Autumn Outdoors Set","halloween|fall|outdoor","fall|outdoor"
cmsmbfscv0079oxeuf2cainj4,"GML’s Half Face Halloween Makeup, Face Paint","","halloween"
cmijmu19g0074oxc8l8x6ht9y,"Headless Acc","halloween|witchy","witchy"
cmijjp6gn00d1oxs33nvqidxj,"Look at Me Poses","halloween|witchy","witchy"
cmim8utek00eloxy84hzseecu,"Seawater Lipstick","halloween",""
cmijnqn5b00huoxc8c1xmkol2,"Autumn Rustica Apartment","halloween|fall|cottagecore|romantic|cozy","fall|cottagecore|romantic|cozy"
cmijp7e1i00x7oxc86pi0vvsq,"Pumpkin Cottage Farm","halloween|fall|cottagecore|cozy","fall|cottagecore|cozy"
cmikilj030036oxnahlzh7yj8,"Deadly Duels","halloween|minimalist|fantasy|witchy","minimalist|fantasy|witchy"
cmim8tzjf00afoxy8xto6d1i8,"Josephine Throw Pillow","halloween|fall","fall"
cmim8tz1800a9oxy8l442r9ro,"Hot Drinks Seasonal Selection","halloween|fall","fall"
cmim8ut4c00egoxy8il5u4ent,"Dark Fairy Facepaint","halloween|fantasy","fantasy"
cmijnpql500hfoxc8w7wbisb8,"Pumpkin Patch ’22: Lot Download","halloween|fall","fall"
cml5siipo002woxxrd5hb7ssl,"Spooky Spirit Tradition Overhaul","living-room|outdoor","living-room|outdoor|halloween"
cmijmxs37008toxc8svme2187,"Twine and Succulent Witch Hats","halloween|minimalist|witchy","minimalist|witchy"
cmim8usxq00edoxy8gk56qp4x,"Crazy Lipstick N44","halloween|modern|luxury","modern|luxury"
cmijmtshi006zoxc827ip0guh,"Arcane Illusions: Alchemy Laboratory Pt. 1 Furniture","halloween|cottagecore|witchy","cottagecore|witchy"
cmim8v34700gfoxy8pgvgq5u0,"Supernatural Eyes","halloween|witchy","witchy"
cmim9qyb6001nox56d30ljk7s,"Trendy Sims 4 Witch CC","halloween|fantasy|witchy","fantasy|witchy"
cmijn0283009ooxc8ixqxbopr,"Nurse Headband","halloween",""
cmim8usrc00eaoxy8x6hhxdjy,"Biohazard Lipstick","halloween",""
cmijmyquk009eoxc8dtuuhrej,"Avalon Witch’s Broom","halloween|witchy","witchy"
cmijno0bt00gnoxc8k9xrok51,"Hellish Nails","halloween|luxury|witchy","luxury|witchy"
cmim8uc2y00c1oxy8hta5ss1h,"Strike A Pose","halloween|fall","fall"
cmijnpc7h00hcoxc8zbfgu8hs,"Gothic Fishnet Tights","halloween|goth","goth"
cmii44og4002uoxkzvstsfsti,"Give Thanks Letters + Deco Pumpkins","halloween|cottagecore","cottagecore"
cmijno4sm00gqoxc8q72hyq4a,"Halloweeny Welcome Mats","halloween|minimalist|fantasy","minimalist|fantasy"
cmim8uxlm00f7oxy881imemqn,"Lollipop Chainsaw Juliet Set","halloween",""
cmijnpxae00hjoxc8625eb5rh,"Farmer’s Market Pumpkin Patch","halloween|cottagecore|cozy","cottagecore|cozy"
cmim8ucc900c5oxy8u7j5ln6d,"Fall Drink Posepack","halloween|fall|cozy","fall|cozy"
cmim9dhz70007oxqwolyzrk4a,"Nightfall CAS Sims 4 Background","halloween|cozy|fantasy|witchy","cozy|fantasy|witchy"
cmijmxukx008voxc8s58pngy2,"Fantasy Witch Dress","halloween|fantasy|witchy","fantasy|witchy"
cmijnr4sm00i3oxc8ixskbiar,"Pumpkin Spice Set","halloween|fall|cottagecore|cozy","fall|cottagecore|cozy"
cmijiv6to0004oxs3iukcdqh2,"Sims 4 Pumpkin Pie CC","halloween",""
cmijn0eqw009woxc85vmq62jo,"The Summit","halloween|modern|cozy","modern|cozy"
cmqpykezo008woxeebef8t5lw,"Haunted Vampire Mansion","living-room","living-room|halloween"
cmijjgtw4009eoxs343qaumu2,"Sanctum Obscura Decorations","halloween|witchy","witchy"
cmijjphwo00d8oxs3wed5ezgk,"Vampire EA Poses","halloween",""
cmim8u7tb00beoxy87g307cb2,"Pumpkin","halloween",""
cmim8vbxu00hroxy8cyeu9t7p,"The Poisonous Apple","halloween|witchy","witchy"
cmil1arsu00bboxeetrvn931b,"Tiffany Stockings","halloween|minimalist","minimalist"
cmmvaqo5b008foxzgv0j85336,"There Will Be Blood Halloween Tattoo Set","","halloween"
cmmvaqoib008koxzg33pi4z98,"Simblreen Gift #2","","halloween"
cmsmbnz5800buoxeu3z4w520f,"Loading Screen Halloween Cozy Place","","halloween"
cmsmbut0x00fhoxeuvjymormi,"Simblreen Gift #2","","halloween"
cmsmcd0i100p1oxeuyukihkr5,"Loading Screen Override Halloween Night 2","outdoor","outdoor|halloween"
cmsmcdhxr00pfoxeuh0syh2u8,"Loading Screen Override Halloween Night 4","","halloween"
cmim8uc1100c0oxy8p6smpi8h,"Toddler in The Pumpkin","halloween|fall","fall"
cmsmchxlq00rwoxeuvvn4xuwy,"Halloween 2021- Pirate Hairstyle","","halloween"
cmsmcicmd00s8oxeu06tq2yo3,"Spooky Sea Captain","","halloween"
cmijmw3u40085oxc8n7p8imld,"Steampunked Shoes","halloween",""
cmsmd6wvq014voxeu2n18fwqz,"Zombie Scars Tattoo","","halloween"
cmsmd7060014yoxeu0200iwd8,"Zombie Halloween Loading Screen","outdoor","outdoor|halloween"
cmsmd72gi0150oxeunbozbtw8,"Best Dressed Zombie","","halloween"
cmsmd74ri0152oxeu1nyoyaex,"Bluish Semi-Transparent Zombie Overlay","","halloween"
cmsmd75ui0153oxeuzbpaxe65,"Zombie Hand Loading Screen","outdoor","outdoor|halloween"
cmsmd78ci0154oxeu1gv5rl5l,"Zombie Flesh Face Paint","","halloween"
cmsmd7c1x0157oxeu1wb1lecj,"Rotten Fight – Zombie Poses","","halloween"
cmsmd7kvi015eoxeub408xka8,"Zombies Set – Animated Deco Sims","","halloween"
cmsmd7r8g015joxeulgk4spxx,"Zombie Pose Pack Ingame","","halloween"
cmsmd7seo015koxeuxddko4eq,"Zombie Poses","","halloween"
cmikk8ixi006cox33442xepm8,"Webber Hairstyle","halloween|fantasy","fantasy"
cmim8v1e900fooxy8ym835b3v,"Lacune Eyes","halloween|witchy","witchy"
cmim8vh8900itoxy814iiopfz,"Life’s A Beach Little Mermaid Toddler Tail","halloween|summer","summer"
cmijje1480088oxs30ahnm6yb,"Sims 4 Vampire Makeup Collection","halloween",""
cmim8ulpn00dooxy829hlzl9t,"Pumpkin Accessory","halloween|fall","fall"
cmttzi7dt009ioxfej59wh4ec,"Oh My Goth – Aurora Hairstyle Halloween for Kids","","halloween"
cmijmuesd007coxc8npb3ndqt,"Stuck On You- Skintones","halloween|fantasy|witchy","fantasy|witchy"
cmijmy95u0091oxc8i4251n5n,"Resident Evil Resistance Shoes Pack","halloween|witchy|living-room","witchy|living-room"
cmil0stdi003hoxeevpj19ov4,"Higher Powers Rug","halloween|boho|witchy","boho|witchy"
cmijjj15l00adoxs3c0hlwou6,"Citrouille Set","halloween|cottagecore|cozy","cottagecore|cozy"
cmijjpr8r00ddoxs3tqehjylo,"My Ghost Lover","halloween|goth|witchy","goth|witchy"
cmijjq0ug00dioxs3b94qwy0t,"Ghost of the Lake Poses","halloween|witchy","witchy"
cmijl3vb6005voxc8i5jjp0gp,"Witch Victorian House","halloween|spring|witchy","spring|witchy"
cmijloi8e006noxc8q2dtf5fw,"CAS Lighting","halloween",""
cmijmun93007ioxc86r9nbu4f,"Magic Casting Poses Set 1","halloween|witchy","witchy"
cmijmy7tl0090oxc8uqg940e4,"Crow Shoulder Accessory","halloween|minimalist|luxury|witchy","minimalist|luxury|witchy"
cmijmyivo0098oxc8rskpvyg3,"The Witching Hour Set","halloween|witchy","witchy"
cmijmyms0009boxc8e0ij61b3,"Elda Witch Hat","halloween|witchy","witchy"
cmijmywiu009ioxc8hdzj9i57,"Sabrina","halloween|witchy","witchy"
cmijnd93w00croxc8l8r22yzw,"Haunted Manor","cozy","cozy|halloween"
cmijn72do00bioxc8gr2kjc99,"Skull Opening Screen Override","halloween|minimalist","minimalist"
cmijn7ox500btoxc8xho3lnk5,"The Last of Us Part 2 Loading Screen","halloween",""
cmim8vlk900jioxy88qdruh9j,"Spider Queen","halloween|fantasy|witchy","fantasy|witchy"
cmijne27d00d1oxc8dy4ze7gs,"Cruella’s Manor","halloween",""
cmijndyn100d0oxc8cigjar31,"Haunted Old Manor","goth","goth|halloween"
cmijns0ye00igoxc8g8frvqbs,"Fall Vibes","halloween|fall|cozy","fall|cozy"
cmijnmmuq00fzoxc8rjmtd1hp,"Witch Hunt Collection","halloween|fantasy|witchy","fantasy|witchy"
cmijnn8ff00gdoxc8l7g65ffy,"Spirit of Forgetfulness","halloween|fantasy","fantasy"
cmijnn3fp00gaoxc8ec63n35z,"Goddess","halloween|fantasy","fantasy"
cmijnne9y00ggoxc8yskykjx4,"The Silly Pickle Costume","halloween",""
cmijnng0500ghoxc8zk3hjmmg,"Bandit","halloween",""
cmijnoybo00h3oxc8dgi4pfb7,"Bat, Skulls, & Spider Wallpaper","halloween",""
cmijnp7rd00h9oxc818u6vfc1,"NAIA – Pencil Skirt","halloween|goth|vintage","goth|vintage"
cmijnq01e00hloxc8frh246di,"Pumpkin Patch Mini Kit","halloween|fall|cottagecore","fall|cottagecore"
cmijnqaza00hroxc8vsalno7p,"Patchy’s Pumpkin Patch","halloween|fall|cottagecore|romantic|cozy","fall|cottagecore|romantic|cozy"
cmijnsfj200iooxc8e34b1kn5,"Gulfport Outdoor Living","halloween|fall|cozy|outdoor","fall|cozy|outdoor"
cmijns4kk00iioxc88p8ji6n5,"Fall 2023 Set","halloween|fall|luxury","fall|luxury"
cmijns90m00ikoxc8srks3mqk,"Evelyn Decor","halloween|fall|cozy","fall|cozy"
cmijnswil00ixoxc8ucw0dbji,"A La Ferme Cottage Coop","halloween|fall|cottagecore","fall|cottagecore"
cmijnt1z700j1oxc8hbvb4qwd,"Pumpkin Spice","halloween|fall|cottagecore|cozy","fall|cottagecore|cozy"
cmijo93z800ppoxc8s33tfhi0,"Cozy Fall","halloween|cozy","cozy"
cmijo9byw00psoxc8320tsbfx,"Cozy Cottage","halloween|fall|cottagecore|cozy","fall|cottagecore|cozy"
cmijp6d6000wjoxc8tedk2hr1,"Amberglow Cabin","halloween|fall|cottagecore|cozy","fall|cottagecore|cozy"
cmijp7zcv00xgoxc8u3fvrdio,"LeahLillith Maleficent Hairstyle","halloween",""
cmim8ubul00bxoxy8d1omn3rv,"Autumn is Here Pose Pack","halloween|fall","fall"
cmijp8jh300xsoxc8uddtk2q4,"Devil Headband","halloween",""
cmijp93i400y3oxc80xi46y0b,"Purge","halloween",""
cmim8uxaz00f2oxy8q559c2p4,"Venomous Catsuit","halloween",""
cmikilg3n0034oxna4myugvjv,"Magic Rituals at the Séance Table","halloween|witchy","witchy"
cmim8wa3m00o6oxy8j0k58tts,"Quintilius Heartless","halloween",""
cmikilcgu0031oxnaje0b2jf1,"Traditional Witchcraft Mod","halloween|witchy","witchy"
cmikil7kt002xoxnato86kbo7,"Forbidden Spells","halloween|witchy|living-room","witchy|living-room"
cmikk2vew0032ox33du4cz5yp,"E-Girl Aesthetic Set","halloween|goth","goth"
cmil11p7d007qoxeedik6gb0d,"Cozy Cabin Collection- Dining Room","halloween|cottagecore|romantic|cozy|dining-room","cottagecore|romantic|cozy|dining-room"
cmil1k0fd00fhoxee2bypqpzd,"Witch Claw Ring","halloween|witchy","witchy"
cmikitwbm0069oxnalxwwkuz2,"Dead and Breakfast","halloween",""
cmil3ltk900gaoxpzyh1loqdy,"Ghoul Nose Preset","halloween",""
cmim8u2sm00aloxy8w04130lv,"It’s Fall Y’all","halloween|fall","fall"
cmim8ubqp00bvoxy8y532z7mv,"Pumpkin Patch – Pose Pack","halloween|fall","fall"
cmim8ubsl00bwoxy8rbdwr9db,"Fall Poses","halloween",""
cmim8ucic00c8oxy8nd2jqrrr,"Pumpkin Farm Posepack","halloween|fall|cozy","fall|cozy"
cmim8ukoh00d7oxy8ag24evx3,"Pumpkin Spice Collection","halloween|fall","fall"
cmim8ukwc00daoxy8q9qy2u7b,"Aurum Rope Pumpkin","halloween|modern|luxury","modern|luxury"
cmim8ul7100dfoxy85sh4utm2,"Pumpkin Plush Pillow","halloween",""
cmim8ulkt00dmoxy8rtpvobq0,"Autumn Pumpkin Set","halloween|fall","fall"
cmim8ulgr00dkoxy88roj77xh,"Pumpkins","halloween",""
cmim8uln300dnoxy89hjyq56k,"Pumpkin Project","halloween|fall","fall"
cmim8ul9000dgoxy8chqcwq5q,"Pumpkin Pillow","halloween",""
cmim8us0c00dyoxy8zc8dlihb,"Skull Mouth","halloween",""
cmim8us6r00e1oxy8rbjsnbti,"Eyes Tattoo","halloween",""
cmim8usvn00ecoxy8k0y55i5d,"Nymph Blush","halloween|fall","fall"
cmim8ut2000efoxy8if8yof1f,"Shadow Eyes N12","halloween",""
cmim8ut8l00eioxy8awzyngop,"Gothika","halloween",""
cmim8utc900ekoxy8cyh7yh5e,"Arachnid Eyeshadow","halloween",""
cmim8uszx00eeoxy8pvb82ol3,"Zenx Lipstick","halloween",""
cmim8uwpw00esoxy87eeamnyz,"L Evil Wings Accessory","halloween",""
cmim8uwk400epoxy8av1wacam,"Jackie Top","halloween",""
cmim8uy2c00ffoxy8bwz1gz61,"Fred Outfit","halloween",""
cmim8v1c900fnoxy8pdxxvn64,"Spider Queen Eyes","halloween",""
cmim8v2ja00g5oxy8pi74z1jb,"Angissi Eyes","halloween|fantasy","fantasy"
cmim8v2du00g3oxy8dyxq2d50,"Serpent Eyes","halloween|witchy","witchy"
cmim8v2pg00g8oxy8egvzx60m,"Eye Set 5","halloween|fantasy","fantasy"
cmim8v7ck00h1oxy8y44kv312,"Drippy Skull Heart Earrings","halloween|goth","goth"
cmim8v7v600haoxy8eenw6kn0,"Goth Short Skirt","halloween|goth","goth"
cmim8vgdx00igoxy8ws4pe6dy,"Rain Boots for Infants","halloween",""
cmim8vl2s00j9oxy8ox1tjsfo,"Lilith Vatore","halloween|witchy","witchy"
cmim8w3hc00mdoxy8guzhrngg,"May Gothic Dress","halloween",""
cmim8w8nr00njoxy8gz6vrn1i,"Behe Moth","halloween",""
cmim8ynex012voxy8cpwpl72y,"Gothic Eyeliner with 2D Eyelashes","halloween|goth","goth"
cmim8zcxl017xoxy8ahm60cvf,"Rach Hair","halloween",""
cmim8z227015uoxy8l539focx,"Pumpkin Slipper","halloween|cozy","cozy"
cmim91wke01oioxy8weci0bng,"Esther Hairstyle","halloween",""
cmim9jf5q001coxy79t7oscvd,"Spellcaster Deco Sims","halloween|fantasy","fantasy"
cmim9miiu00fvoxy7eim25l9n,"Sims 4 School Uniform CC Pack","halloween|goth","goth"
cmii44bya002qoxkzr516i8vk,"Stuffed peppers, Pumpkin soup and Baked pumpkin slices","halloween|fall|cozy","fall|cozy"
cmijix47b000koxs3qf36a8oh,"Presidio Living Room","halloween|cozy|living-room","cozy|living-room"
cmijj7nnq005boxs34ypo8c7j,"Fairy Glow Street Lamps","halloween|fantasy|witchy","fantasy|witchy"
cmijjg7re0091oxs3hkjvlrse,"Bewitching Fifties","halloween|vintage|fantasy|witchy","vintage|fantasy|witchy"
cmijjgl6s0098oxs3bxf92w4b,"JariSimCC Wand Set 01","halloween|witchy","witchy"
cmijmuteb007moxc84shle5o7,"Demon Teeth","halloween|witchy","witchy"
cmijmypfy009doxc8s2e7k2nd,"Basic Witch Dress","halloween|witchy","witchy"
cmijmyztm009koxc8s9dwcvsk,"Witchy Crystal Towers","halloween|fantasy|witchy","fantasy|witchy"
cmijmy4zd008zoxc88milbpu2,"Modern Witch Living Room","halloween|modern|witchy|living-room","modern|witchy|living-room"
cmijn0l1000a0oxc88vzcbv7j,"Blue Empress Costume","halloween|fantasy","fantasy"
cmijn6sv800beoxc8oo808esi,"Coraline LS","halloween|witchy","witchy"
cmijndrub00cxoxc888nux9fp,"Cute But Scary","halloween",""
cmijp7uue00xdoxc8j3cfod7w,"Devil Eyeshadow","halloween|goth","goth"
cmijp833o00xioxc8u2e30lxf,"Asteria Hat","halloween|witchy","witchy"
cmijo9fga00puoxc8a56vuugf,"Autumn Wheel Cottage","halloween|fall|cottagecore|vintage|cozy","fall|cottagecore|vintage|cozy"
cmijo9v8b00q2oxc84x6ttwwh,"Cozy Autumn Canvases","halloween|fall|cozy","fall|cozy"
cmim8ulst00dpoxy88mah0ev5,"Glass Pumpkin Candles","halloween|modern","modern"
cmijp6v2c00wvoxc8r370pkm9,"Autumn Nest","halloween|fall|streetwear|cozy","fall|streetwear|cozy"
cmijp86dz00xkoxc8vaqhzt0n,"SxC Pretty Brutal Collection","halloween|luxury","luxury"
cmijp8wtl00xzoxc857phj3vl,"Devil’s Eyeshadow","halloween",""
cmijps6qo017boxc85vquzvcg,"Nymph Skin Detail","halloween|fantasy|witchy","fantasy|witchy"
cmijpt2uj017xoxc8a7vmlerk,"Pumpkin Soup","halloween|fantasy|witchy","fantasy|witchy"
cmil0pmf6001woxeecby4dj99,"Greenhouse","halloween",""
cmim8tmok008hoxy8981tvfpj,"Rimless Bat Sunglasses","halloween",""
cmim8tz9c00aboxy8n9dqs3y9,"Functional Pumpkin Spice Candle","halloween|fall","fall"
cmim8tzru00aioxy8eqf4y2ei,"Fall Fandom Set","halloween|fall","fall"
cmim8ubwl00byoxy8ak5prx4o,"Fall-ing Autumn","halloween|fall|cozy","fall|cozy"
cmim8ucxu00ceoxy866stmfsp,"Insta Friends Pose Pack","halloween",""
cmim8ucqb00cboxy8ehhr6auw,"Falling","halloween|luxury","luxury"
cmim8ury000dxoxy8pn47ouuc,"Butterfly Skull","halloween",""
cmim8ukyb00dboxy8mhg5e0g1,"Aurum Wire Pumpkin","halloween",""
cmim8uspb00e9oxy8q2vdncz6,"Insect Face Paint","halloween",""
cmim8uxhh00f5oxy8kyd2no7s,"Snake Set","halloween",""
cmim8ut6j00ehoxy8d1nq75mj,"Succubus","halloween",""
cmim8v8nt00hkoxy8ydvosy5v,"Carrie Hair","halloween|goth","goth"
cmijn0syl00a6oxc8v9br8qfg,"Specter V1 Tattoo","halloween|witchy","witchy"
cmijmu2ko0075oxc83utahkpi,"Walking With A Head","halloween|fantasy|witchy","fantasy|witchy"
cmim8ul3900ddoxy8b1n79ugy,"Evil Pumpkins Light","halloween",""
cmijjgv32009foxs3ufhugiuy,"Fairies and Witches Mod","halloween|witchy","witchy"
cmijmxvxa008woxc80rldd8w6,"Witch Claw Ring","halloween|witchy","witchy"
cmim8u7zo00bhoxy8wme7bsih,"Autumn Garden","halloween|fall|winter|cozy|living-room|outdoor","fall|winter|cozy|living-room|outdoor"
cmkq8sadk0002oxvgq90ksajr,"Regency Infant & Toddler Skeleton Suit","","halloween"
cmijmxpcd008roxc8oqvifec0,"The Spite Collection","halloween|witchy","witchy"
cmkxxlpms000coxhc5d6wx3br,"7 Trick or Treat CC Pack","","halloween"
cmijp6tn800wuoxc8afek3eou,"Aspen Alcove Autumn House","halloween|fall|streetwear|cozy","fall|streetwear|cozy"
cmkxxs8bg000xoxhcqd22qtp4,"1 Halloween Head Accessory","","halloween"
cmkxyy8fy004poxhc9ufw28t6,"Toddler CC Halloween Costumes","","halloween"
cmim8uxfg00f4oxy824lqi856,"Meow Jumpsuit","halloween",""
cmijjpsz000deoxs3ahifknyp,"Dark Grace Pose Pack","halloween|romantic","romantic"
cmijkgdp40007oxc8x634wis3,"Farmhouse Dining Room","halloween|fall|cottagecore|minimalist|cozy|dining-room","fall|cottagecore|minimalist|cozy|dining-room"
cmik9t1f700a6oxk7hs7b4lh6,"Paesants Tiny House","halloween|cottagecore|cozy","cottagecore|cozy"
cmijnszcd00izoxc8fcn8bq8z,"Pumpkin Farm","halloween|fall","fall"
cmim8tzu400ajoxy8rbx0a4c2,"Autumn Harvest","halloween|fall","fall"
cmijnp42100h7oxc8sjf92qx8,"Helloween25 SET","halloween|cozy","cozy"
cmim8y5ac010uoxy80h6uwziv,"October Outdoor","halloween|outdoor","outdoor"
cmim8vkyk00j7oxy83gkxigga,"Kacie","halloween|romantic","romantic"
cmim8tzb800acoxy8bwbwizwg,"Fall Photo Room","halloween|fantasy","fantasy"
cmijmyyig009joxc8j8v5xt3d,"Witching Hour Bedroom Set","halloween|goth|fantasy|witchy|bedroom","goth|fantasy|witchy|bedroom"
cmijptlq00188oxc8ss6xoz4d,"Glowy Eyes","halloween|fantasy|witchy","fantasy|witchy"
cmqpy0e6v004doxee3rfm8ftz,"Haunted Vampire Palace","bathroom|bedroom|living-room","bathroom|bedroom|living-room|halloween"
cmijnn50m00gboxc8lyxn4244,"Blood Lust","halloween|fantasy","fantasy"
cmim8urrc00duoxy8sprw9zga,"Spiderweb Eyeliner","halloween",""
cmijix9ea000noxs3u04464fl,"Autumn Flavor Collection","halloween|fall|cozy","fall|cozy"
cmijjgbvo0094oxs3fiyqcu9w,"HalloweenMovieNight Witch Dress","halloween|romantic|minimalist|fantasy|witchy","romantic|minimalist|fantasy|witchy"
cmim8v2tk00gaoxy8q8vzk7m5,"Pennywise Eyes","halloween",""
cmijp7w5l00xeoxc8xtd7brep,"Devil Lipstick","halloween",""
cmky9x0ib00q9oxhcq7p9eatq,"Sims 4 Male CC for Halloween","","halloween"
cmijnn0lf00g8oxc8i4skxd58,"Mira Outfit","halloween",""
cmijptqat018boxc85d8ln713,"Mushroom Fairy Blush","halloween|cozy|fantasy|witchy","cozy|fantasy|witchy"
cmijj24oa002moxs3ha2wyt69,"Soft Vintage GShade Preset","halloween|vintage","vintage"
cmim8uy0a00feoxy85l72no2q,"Wilma Outfit","halloween|minimalist","minimalist"
cmim8uy4700fgoxy8qpc02ag6,"Ninja Outfit","halloween",""
cmijmyeb70095oxc8c79jqj6a,"Poisoners Robe","halloween|witchy","witchy"
cmijp90e000y1oxc8wmkzb9dn,"Impulse Edge Lipstick","halloween",""
cmijjpwfn00dgoxs34qkyvme5,"Fantasy Poses","halloween|fantasy","fantasy"
cmigomzqj000foxkz6qub3nyz,"Mermaid Skin","halloween|fantasy|witchy","fantasy|witchy"
cmijiyrvz0013oxs3mwtwbylg,"Baking A Mess: A Couples Baking Pose Pack","halloween|romantic|cozy","romantic|cozy"
cmijnpyrs00hkoxc8asj1n8ab,"Pumpkin Patch Cafe","halloween|summer|fall|cozy","summer|fall|cozy"
cmijnpp5r00heoxc86h4errty,"Pumpkin Patch","halloween|fall|cottagecore|minimalist|cozy","fall|cottagecore|minimalist|cozy"
cmim8uxrv00faoxy87zbiwh6j,"Double Crosser Sweater Dress","halloween",""
cmijnozsg00h4oxc8eie7nhv2,"Rimless Bat Sunglasses","halloween|streetwear|witchy","streetwear|witchy"
cmim9es5y001moxqw7ausn0o1,"Sims 4 Save File 1.0","halloween|spring","spring"
cmim8uwux00euoxy8pgvtx9p1,"Harley Quinn","halloween",""
cmijprr8p0170oxc84zkevvsu,"Facepaint N11 – Milia","halloween|fantasy|witchy","fantasy|witchy"
cmijjpbcj00d4oxs37iflwxfy,"Witch","halloween|fantasy|witchy","fantasy|witchy"
cmijn6y3000bgoxc8mlubay3m,"Fall Opening Screen Override","halloween|cozy","cozy"
cmim8u7qp00bdoxy8aozxtbpj,"Cozy Fall Living Set","halloween|cozy","cozy"
cmijjpa1o00d3oxs30g6b66yn,"A Woman Scorned","halloween",""
cmijmtx8z0072oxc89qfyma5o,"A Monster Within Me","halloween|witchy","witchy"
cmim8zbiv017eoxy8salqe9qy,"Ouija V2 Hairstyle","halloween",""
cmijndu8e00cyoxc8hw24m6cu,"Haunted Mansion","goth","goth|halloween"
cmijndnuj00cvoxc8hc9o94jv,"Morgan’s Haunted House","cottagecore","cottagecore|halloween"
cmijnctgk00cmoxc8s83ncepd,"Haunted Eco Island Home","modern|fantasy","modern|fantasy|halloween"
cmijp7xpl00xfoxc8joi4wgis,"Darkness Demon Eyes","halloween",""
cmijp8bx600xooxc8kaho727a,"Simbrleen Pumpkin Bag","halloween",""
cmim9vutn001gox9squr7s67n,"Magic Family Gallery Pose","halloween|fantasy|witchy","fantasy|witchy"
cmim8ukqd00d8oxy8hgb1tehg,"Fall 2023 Set 1","halloween|modern|luxury","modern|luxury"
cmim8uckg00c9oxy8vqmpikwd,"Little Pumpkin Baby Pose Pack","halloween",""
cmijn6v5f00bfoxc8xu2wu6mk,"October Custom Loading Screens","halloween",""
cmijmyac60092oxc86qwl0mgb,"Witch Pumpkin Broom","halloween|witchy","witchy"
cmijmykc60099oxc8gj67t81i,"I Put A Spell Witch Hat","halloween|witchy","witchy"
cmijkspjz003roxc8v7crcxo0,"Thanksgiving Overalls Toddler Set 2","halloween|fall","fall"
cmttzhcaq004loxfetykz2u3v,"Raven Halloween Lipstick","","halloween"
cmim8ul0b00dcoxy884xblfdi,"Stachys Pumpkins","halloween",""
cmijnsbep00iloxc89ljiwdur,"Autumn Flavor Collection","halloween|fall|cozy","fall|cozy"
cmijjgmxg0099oxs37s6kns6t,"Witch’s Hollow","halloween|goth|fantasy|witchy","goth|fantasy|witchy"
cmim8v2h800g4oxy8u448a2j7,"Bruxa Eyes","halloween|witchy","witchy"
cmim8uluu00dqoxy872r9f1rq,"Pumpkin Stereo","halloween",""
cmim8utgw00emoxy88ct2r34f,"Grim Reaper Eyeshadow","halloween",""
cmijmyhhd0097oxc8g5tndaaw,"Dead","halloween|witchy","witchy"
cmim8v1g900fpoxy8x0r53607,"Nymph Eyes","halloween|fall|fantasy","fall|fantasy"
cmijps88w017coxc82tdrslen,"Shrooms Collection","halloween|modern|fantasy|witchy","modern|fantasy|witchy"
cmim8v2rj00g9oxy864knsntv,"Demon Eyes N04","halloween|witchy","witchy"
cmim8v1nf00fsoxy8619fc1j4,"Witch Eyes","halloween|witchy","witchy"
cmijnpdmo00hdoxc882sxsdts,"Eyeliner A239","halloween",""
cmik9jaa10050oxk7bwn34mtm,"Witchy Lofi CAS Background Room","halloween|goth|fantasy|witchy","goth|fantasy|witchy"
cmijnowxf00h2oxc84456akg5,"Battie Contacts","halloween|fantasy|witchy","fantasy|witchy"
cmijnovi000h1oxc8o3qxtxav,"Ultra Sunn themed Tattoos","halloween|goth|witchy","goth|witchy"
cmijno1sl00gooxc836od8hs2,"Ghosts","halloween",""
cmijnmw3i00g5oxc8jnszgpl4,"Wednesday Addams","halloween",""
cmijn7qcg00buoxc8z1vpv11e,"Bat & Liffy Loading Screen","halloween|minimalist","minimalist"
cmttzhogo006koxfeoxckxlna,"The Sims 4 Spooky Hill – Halloween Loading Screen","","halloween"
cmim8ux8r00f1oxy8kwyg1r4e,"Halloween Full Pack","christmas","christmas|halloween"
cmim8v18900floxy8rx8vbyih,"ND Demon Eyes V/3","halloween",""
cmttzhonp006noxfe8xgagbbt,"Haunted Animated Loading Screen","","halloween"
